92,524,6/26/2008,6
293,88,6/27/2008,15
191,543,6/28/2008,11
58,654,6/29/2008,10
257,656,6/30/2008,15
395,798,7/1/2008,9
333,908,7/2/2008,14
391,303,10/30/2008,12
424,631,5/26/2008,8
87,475,6/1/2008,13
246,902,9/12/2008,6
353,357,11/19/2008,6
250,800,7/2/2008,8
211,860,10/30/2008,11
114,311,5/26/2008,2
420,577,6/1/2008,14
102,757,5/26/2008,12
428,17,6/1/2008,3
439,939,9/12/2008,10
221,757,11/19/2008,1
273,908,7/2/2008,13
69,25,10/30/2008,2
397,387,5/26/2008,12
149,644,6/1/2008,15
368,706,9/12/2008,9
298,772,11/19/2008,3
151,674,7/2/2008,6
341,709,10/30/2008,15
221,445,5/26/2008,9
37,72,6/1/2008,1
307,155,6/26/2008,7
193,376,6/27/2008,8
46,372,6/28/2008,7
141,1052,6/29/2008,15
239,552,6/30/2008,15
435,205,7/1/2008,11
141,845,7/2/2008,11
65,476,10/30/2008,6
13,100,5/26/2008,7
20,1024,6/1/2008,3
248,359,9/12/2008,13
310,597,11/19/2008,8
141,312,7/2/2008,11
51,555,10/30/2008,3
311,6,5/26/2008,9
316,499,6/1/2008,12
3,74,5/26/2008,11
7,816,6/1/2008,2
166,412,9/12/2008,10
217,719,11/19/2008,15
241,671,7/2/2008,2
350,769,10/30/2008,13
258,901,5/26/2008,11
328,395,6/1/2008,8
427,904,9/12/2008,3
190,300,11/19/2008,12
110,521,7/2/2008,15
180,918,10/30/2008,9
273,479,5/26/2008,14
251,799,6/1/2008,15
132,984,6/26/2008,2
288,806,6/27/2008,9
413,22,6/28/2008,8
417,312,6/29/2008,7
2,466,6/30/2008,12
401,633,7/1/2008,6
394,880,7/2/2008,1
188,873,10/30/2008,9
8,821,5/26/2008,1
344,136,6/1/2008,5
269,312,9/12/2008,3
123,181,11/19/2008,9
95,642,7/2/2008,14
382,192,10/30/2008,13
290,1042,5/26/2008,15
131,732,6/1/2008,15
177,928,5/26/2008,6
393,840,6/1/2008,15
64,156,9/12/2008,7
201,636,11/19/2008,12
158,177,7/2/2008,5
62,1019,10/30/2008,6
11,909,5/26/2008,1
3,31,6/1/2008,14
59,89,9/12/2008,5
245,601,11/19/2008,5
59,562,7/2/2008,11
15,561,10/30/2008,10
439,1032,5/26/2008,8
170,220,6/1/2008,10
80,56,6/26/2008,5
349,345,6/27/2008,4
382,3,6/28/2008,15
245,759,6/29/2008,9
421,778,6/30/2008,11
409,464,7/1/2008,3
261,442,7/2/2008,2
124,880,10/30/2008,8
43,590,5/26/2008,12
241,299,6/1/2008,6
385,718,9/12/2008,11
431,121,11/19/2008,14
409,183,7/2/2008,3
213,394,10/30/2008,7
257,258,5/26/2008,11
423,850,6/1/2008,8
215,625,5/26/2008,15
377,206,6/1/2008,15
319,983,9/12/2008,6
355,181,11/19/2008,15
189,65,7/2/2008,13
94,858,10/30/2008,4
199,385,5/26/2008,15
7,864,6/1/2008,9
430,987,9/12/2008,7
17,626,11/19/2008,4
224,1015,7/2/2008,15
123,671,10/30/2008,8
30,108,5/26/2008,8
74,618,6/1/2008,1
354,825,6/26/2008,3
381,280,6/27/2008,4
214,800,6/28/2008,9
235,634,6/29/2008,8
276,471,6/30/2008,7
62,910,7/1/2008,3
86,61,7/2/2008,3
111,553,10/30/2008,1
138,143,5/26/2008,5
250,31,6/1/2008,8
176,231,9/12/2008,14
354,697,11/19/2008,14
71,886,7/2/2008,7
267,514,10/30/2008,8
195,160,5/26/2008,5
405,770,6/1/2008,4
313,295,5/26/2008,14
242,1035,6/1/2008,15
109,623,9/12/2008,15
118,928,11/19/2008,5
235,342,7/2/2008,6
124,491,10/30/2008,5
286,971,5/26/2008,10
404,314,6/1/2008,12
88,602,9/12/2008,9
44,881,11/19/2008,6
169,1050,7/2/2008,14
378,413,10/30/2008,5
282,873,5/26/2008,10
91,730,6/1/2008,2
307,341,6/26/2008,8
81,912,6/27/2008,15
418,66,6/28/2008,11
437,371,6/29/2008,9
258,652,6/30/2008,5
431,105,7/1/2008,15
149,51,7/2/2008,9
190,457,10/30/2008,12
31,479,5/26/2008,3
4,185,6/1/2008,3
346,674,9/12/2008,15
224,693,11/19/2008,8
251,563,7/2/2008,3
128,914,10/30/2008,13
51,654,5/26/2008,2
10,395,6/1/2008,4
332,157,5/26/2008,13
403,167,6/1/2008,1
432,823,9/12/2008,6
198,606,11/19/2008,14
186,33,7/2/2008,8
271,1025,10/30/2008,14
391,907,5/26/2008,12
29,745,6/1/2008,5
414,974,9/12/2008,11
369,643,11/19/2008,12
46,705,7/2/2008,11
409,778,10/30/2008,4
212,669,5/26/2008,10
352,726,6/1/2008,13
413,832,6/26/2008,14
317,822,6/27/2008,2
312,104,6/28/2008,11
263,622,6/29/2008,7
270,767,6/30/2008,10
241,331,7/1/2008,13
433,587,7/2/2008,15
244,40,10/30/2008,4
343,971,5/26/2008,2
69,927,6/1/2008,4
90,706,9/12/2008,14
208,11,11/19/2008,3
91,609,7/2/2008,12
255,244,10/30/2008,12
392,497,5/26/2008,10
367,372,6/1/2008,14
395,613,5/26/2008,9
337,802,6/1/2008,14
260,109,9/12/2008,9
87,106,11/19/2008,9
95,478,7/2/2008,2
28,694,10/30/2008,9
11,869,5/26/2008,9
379,882,6/1/2008,14
2,951,9/12/2008,11
357,628,11/19/2008,4
108,651,7/2/2008,4
288,803,10/30/2008,13
164,541,5/26/2008,5
271,110,6/1/2008,6
129,695,6/26/2008,8
184,60,6/27/2008,12
375,925,6/28/2008,3
217,770,6/29/2008,11
296,999,6/30/2008,12
141,850,7/1/2008,7
236,443,7/2/2008,13
352,1006,10/30/2008,8
330,233,5/26/2008,8
346,245,6/1/2008,4
138,76,9/12/2008,8
255,966,11/19/2008,6
246,431,7/2/2008,9
102,250,10/30/2008,8
237,776,5/26/2008,11
208,1043,6/1/2008,13
38,802,5/26/2008,13
232,841,6/1/2008,4
331,411,9/12/2008,6
248,439,11/19/2008,15
150,974,7/2/2008,12
162,136,10/30/2008,9
247,63,5/26/2008,14
142,689,6/1/2008,14
314,658,9/12/2008,5
83,540,11/19/2008,11
146,25,7/2/2008,2
441,430,10/30/2008,4
370,844,5/26/2008,9
107,182,6/1/2008,12
351,217,6/26/2008,10
213,334,6/27/2008,15
439,608,6/28/2008,3
204,638,6/29/2008,3
171,880,6/30/2008,9
243,137,7/1/2008,5
295,394,7/2/2008,14
56,197,10/30/2008,9
259,49,5/26/2008,15
107,1006,6/1/2008,5
257,758,9/12/2008,7
252,819,11/19/2008,8
24,568,7/2/2008,9
359,559,10/30/2008,6
170,404,5/26/2008,8
197,583,6/1/2008,8
266,304,5/26/2008,1
191,994,6/1/2008,11
443,95,9/12/2008,9
382,818,11/19/2008,11
17,213,7/2/2008,8
103,662,10/30/2008,13
218,806,5/26/2008,1
350,140,6/1/2008,10
167,569,9/12/2008,3
15,137,11/19/2008,9
117,55,7/2/2008,4
246,435,10/30/2008,3
364,760,5/26/2008,14
202,694,6/1/2008,10
7,948,6/26/2008,6
1,75,6/27/2008,2
9,422,6/28/2008,7
366,700,6/29/2008,10
217,55,6/30/2008,6
299,399,7/1/2008,12
94,773,7/2/2008,4
201,722,10/30/2008,10
428,335,5/26/2008,10
410,697,6/1/2008,10
32,543,9/12/2008,2
208,152,11/19/2008,12
312,544,7/2/2008,12
142,393,10/30/2008,8
291,401,5/26/2008,12
9,532,6/1/2008,6
80,217,5/26/2008,6
144,697,6/1/2008,4
138,430,9/12/2008,7
18,823,11/19/2008,10
42,559,7/2/2008,10
419,988,10/30/2008,15
8,4,5/26/2008,5
217,640,6/1/2008,9
189,80,9/12/2008,2
260,571,11/19/2008,5
102,428,7/2/2008,9
182,723,10/30/2008,5
50,526,5/26/2008,10
443,856,6/1/2008,7
402,976,6/26/2008,2
426,617,6/27/2008,6
441,449,6/28/2008,11
250,113,6/29/2008,14
57,1045,6/30/2008,12
87,315,7/1/2008,11
365,784,7/2/2008,7
362,146,10/30/2008,6
211,178,5/26/2008,15
38,668,6/1/2008,7
134,865,9/12/2008,8
263,819,11/19/2008,11
4,111,7/2/2008,13
151,198,10/30/2008,4
365,301,5/26/2008,1
62,616,6/1/2008,11
77,203,5/26/2008,2
177,1043,6/1/2008,15
208,554,9/12/2008,15
361,787,11/19/2008,11
139,976,7/2/2008,6
47,736,10/30/2008,1
183,218,5/26/2008,4
65,1025,6/1/2008,6
105,1041,9/12/2008,12
232,378,11/19/2008,3
92,324,7/2/2008,9
147,284,10/30/2008,7
172,813,5/26/2008,2
135,376,6/1/2008,15
13,793,6/26/2008,10
81,312,6/27/2008,14
430,896,6/28/2008,13
349,885,6/29/2008,5
430,628,6/30/2008,10
26,736,7/1/2008,12
359,107,7/2/2008,3
334,87,10/30/2008,1
327,485,5/26/2008,3
136,429,6/1/2008,6
217,137,9/12/2008,15
120,301,11/19/2008,13
47,600,7/2/2008,13
108,947,10/30/2008,5
123,884,5/26/2008,3
292,276,6/1/2008,8
399,587,5/26/2008,3
358,326,6/1/2008,12
229,522,9/12/2008,6
316,946,11/19/2008,13
343,66,7/2/2008,7
367,525,10/30/2008,3
155,564,5/26/2008,1
265,250,6/1/2008,12
58,484,9/12/2008,9
36,138,11/19/2008,2
76,416,7/2/2008,14
332,1051,10/30/2008,15
434,596,5/26/2008,2
152,702,6/1/2008,13
239,505,6/26/2008,14
196,213,6/27/2008,4
55,102,6/28/2008,1
9,39,6/29/2008,11
175,224,6/30/2008,4
21,66,7/1/2008,14
31,113,7/2/2008,9
170,165,10/30/2008,2
299,424,5/26/2008,15
325,193,6/1/2008,14
60,883,9/12/2008,2
153,333,11/19/2008,2
80,61,7/2/2008,10
176,648,10/30/2008,13
229,175,5/26/2008,4
270,443,6/1/2008,10
87,478,5/26/2008,9
253,281,6/1/2008,8
380,423,9/12/2008,8
90,94,11/19/2008,12
398,566,7/2/2008,5
272,757,10/30/2008,10
347,703,5/26/2008,5
111,15,6/1/2008,2
393,386,9/12/2008,15
168,963,11/19/2008,1
198,877,7/2/2008,11
248,519,10/30/2008,11
311,936,5/26/2008,13
276,128,6/1/2008,14
112,203,6/26/2008,2
365,306,6/27/2008,3
201,550,6/28/2008,4
49,297,6/29/2008,11
391,627,6/30/2008,6
373,1043,7/1/2008,11
244,745,7/2/2008,4
307,532,10/30/2008,8
414,161,5/26/2008,3
77,636,6/1/2008,10
261,373,9/12/2008,5
291,265,11/19/2008,13
239,814,7/2/2008,11
292,752,10/30/2008,6
155,699,5/26/2008,2
56,355,6/1/2008,13
285,498,5/26/2008,12
201,1013,6/1/2008,5
99,544,9/12/2008,6
367,1036,11/19/2008,3
184,285,7/2/2008,14
154,26,10/30/2008,11
25,767,5/26/2008,15
109,244,6/1/2008,7
117,849,9/12/2008,1
363,682,11/19/2008,5
361,647,7/2/2008,9
45,818,10/30/2008,14
203,676,5/26/2008,10
232,370,6/1/2008,2
137,50,6/26/2008,12
170,471,6/27/2008,8
393,14,6/28/2008,10
356,497,6/29/2008,4
3,325,6/30/2008,15
42,127,7/1/2008,5
380,634,7/2/2008,6
137,139,10/30/2008,1
219,264,5/26/2008,11
62,490,6/1/2008,15
281,766,9/12/2008,12
82,732,11/19/2008,13
108,456,7/2/2008,7
143,118,10/30/2008,10
383,307,5/26/2008,12
317,69,6/1/2008,4
344,128,5/26/2008,6
329,964,6/1/2008,3
294,573,9/12/2008,6
152,1046,11/19/2008,15
360,821,7/2/2008,8
189,979,10/30/2008,14
302,641,5/26/2008,10
204,807,6/1/2008,1
184,215,6/26/2008,4
281,395,6/27/2008,7
157,923,6/28/2008,13
25,961,6/29/2008,9
109,302,6/30/2008,1
249,273,7/1/2008,1
416,773,7/2/2008,15
301,451,10/30/2008,4
73,1025,5/26/2008,2
226,300,6/1/2008,8
379,101,9/12/2008,8
64,792,11/19/2008,4
239,701,7/2/2008,2
157,247,10/30/2008,2
330,906,5/26/2008,13
185,353,6/1/2008,1
212,78,5/26/2008,15
442,504,6/1/2008,8
378,736,9/12/2008,2
384,153,11/19/2008,2
158,14,7/2/2008,9
259,595,10/30/2008,3
240,1051,5/26/2008,4
272,942,6/1/2008,3
188,914,9/12/2008,8
87,601,11/19/2008,13
190,174,7/2/2008,11
338,103,10/30/2008,5
146,684,5/26/2008,15
156,41,6/1/2008,13
386,104,6/26/2008,1
137,199,6/27/2008,5
380,975,6/28/2008,4
121,278,6/29/2008,4
380,226,6/30/2008,5
442,52,7/1/2008,1
193,20,7/2/2008,9
189,613,10/30/2008,2
137,481,5/26/2008,1
12,920,6/1/2008,7
101,234,9/12/2008,13
297,205,11/19/2008,12
346,381,7/2/2008,11
397,836,10/30/2008,12
177,747,5/26/2008,11
354,324,6/1/2008,12
48,322,5/26/2008,12
276,235,6/1/2008,12
215,331,9/12/2008,7
386,373,11/19/2008,14
82,101,7/2/2008,13
250,353,10/30/2008,4
87,253,5/26/2008,13
143,980,6/1/2008,1
263,5,9/12/2008,4
91,788,11/19/2008,6
219,107,7/2/2008,15
384,538,10/30/2008,2
334,82,5/26/2008,14
69,876,6/1/2008,1
282,676,6/26/2008,1
8,798,6/27/2008,6
420,693,6/28/2008,12
392,241,6/29/2008,10
32,724,6/30/2008,1
33,184,7/1/2008,13
78,618,7/2/2008,4
405,541,10/30/2008,10
371,510,5/26/2008,4
214,216,6/1/2008,1
85,573,9/12/2008,6
361,353,11/19/2008,3
8,359,7/2/2008,12
205,699,10/30/2008,3
386,772,5/26/2008,3
244,1011,6/1/2008,8
152,462,5/26/2008,7
62,278,6/1/2008,5
294,481,9/12/2008,6
316,93,11/19/2008,13
61,222,7/2/2008,13
256,235,10/30/2008,13
252,888,5/26/2008,10
431,899,6/1/2008,14
317,886,9/12/2008,4
241,517,11/19/2008,10
82,985,7/2/2008,3
177,118,10/30/2008,6
326,231,5/26/2008,11
97,275,6/1/2008,5
353,513,6/26/2008,9
19,1019,6/27/2008,10
56,896,6/28/2008,10
6,981,6/29/2008,15
19,788,6/30/2008,5
185,630,7/1/2008,12
228,772,7/2/2008,5
21,9,10/30/2008,4
48,311,5/26/2008,7
322,165,6/1/2008,11
17,441,9/12/2008,3
316,402,11/19/2008,3
76,479,7/2/2008,3
129,398,10/30/2008,13
419,877,5/26/2008,7
327,143,6/1/2008,11
435,636,5/26/2008,10
382,226,6/1/2008,1
357,336,9/12/2008,10
244,1054,11/19/2008,2
418,442,7/2/2008,14
193,57,10/30/2008,3
372,408,5/26/2008,4
272,32,6/1/2008,5
1,230,9/12/2008,12
77,48,11/19/2008,4
222,698,7/2/2008,8
255,678,10/30/2008,1
257,1013,5/26/2008,7
115,830,6/1/2008,4
422,557,6/26/2008,3
224,177,6/27/2008,11
89,818,6/28/2008,11
21,215,6/29/2008,15
92,554,6/30/2008,7
366,183,7/1/2008,3
362,590,7/2/2008,2
109,1007,10/30/2008,12
334,205,5/26/2008,8
260,489,6/1/2008,15
192,293,9/12/2008,5
201,471,11/19/2008,12
25,880,7/2/2008,15
406,63,10/30/2008,5
65,609,5/26/2008,14
79,283,6/1/2008,11
428,329,5/26/2008,3
425,324,6/1/2008,15
198,497,9/12/2008,4
248,981,11/19/2008,6
262,556,7/2/2008,9
5,981,10/30/2008,8
266,56,5/26/2008,6
420,642,6/1/2008,5
369,78,9/12/2008,14
200,670,11/19/2008,1
387,581,7/2/2008,10
159,715,10/30/2008,1
304,496,5/26/2008,7
300,266,6/1/2008,1
30,177,6/26/2008,4
211,903,6/27/2008,5
212,538,6/28/2008,1
5,149,6/29/2008,2
143,37,6/30/2008,2
421,744,7/1/2008,15
16,210,7/2/2008,14
337,383,10/30/2008,7
42,666,5/26/2008,6
153,139,6/1/2008,2
111,912,9/12/2008,5
157,271,11/19/2008,8
195,396,7/2/2008,10
74,874,10/30/2008,5
71,216,5/26/2008,15
266,176,6/1/2008,9
62,145,5/26/2008,3
116,513,6/1/2008,11
226,716,9/12/2008,5
357,158,11/19/2008,5
326,373,7/2/2008,8
165,254,10/30/2008,7
302,593,5/26/2008,1
383,666,6/1/2008,5
17,394,9/12/2008,5
104,594,11/19/2008,4
138,304,7/2/2008,5
376,691,10/30/2008,10
208,267,5/26/2008,3
167,704,6/1/2008,8
309,937,6/26/2008,11
230,988,6/27/2008,2
152,95,6/28/2008,14
439,699,6/29/2008,7
297,1009,6/30/2008,14
127,159,7/1/2008,7
200,206,7/2/2008,7
95,484,10/30/2008,2
397,847,5/26/2008,14
71,75,6/1/2008,3
417,87,9/12/2008,2
401,46,11/19/2008,12
437,403,7/2/2008,10
406,792,10/30/2008,6
154,836,5/26/2008,14
114,922,6/1/2008,11
287,837,5/26/2008,14
343,924,6/1/2008,8
444,876,9/12/2008,1
223,280,11/19/2008,9
4,786,7/2/2008,2
167,338,10/30/2008,14
165,692,5/26/2008,2
188,750,6/1/2008,9
298,23,9/12/2008,8
199,558,11/19/2008,15
132,830,7/2/2008,4
108,399,10/30/2008,6
426,435,5/26/2008,5
286,339,6/1/2008,10
441,236,6/26/2008,11
246,585,6/27/2008,8
161,196,6/28/2008,11
234,774,6/29/2008,15
436,14,6/30/2008,11
123,2,7/1/2008,5
163,775,7/2/2008,3
156,944,10/30/2008,12
58,314,5/26/2008,9
248,448,6/1/2008,3
331,476,9/12/2008,1
291,106,11/19/2008,5
319,874,7/2/2008,5
310,671,10/30/2008,9
200,826,5/26/2008,4
366,467,6/1/2008,12
295,738,5/26/2008,9
158,335,6/1/2008,5
290,30,9/12/2008,15
81,377,11/19/2008,10
279,37,7/2/2008,4
216,524,10/30/2008,6
254,284,5/26/2008,13
30,745,6/1/2008,15
128,262,9/12/2008,8
88,881,11/19/2008,10
403,357,7/2/2008,13
146,84,10/30/2008,11
93,958,5/26/2008,9
224,568,6/1/2008,6
95,697,6/26/2008,7
229,746,6/27/2008,7
424,1043,6/28/2008,8
52,265,6/29/2008,11
270,610,6/30/2008,14
294,447,7/1/2008,6
71,517,7/2/2008,15
430,347,10/30/2008,6
212,330,5/26/2008,11
157,361,6/1/2008,1
323,596,9/12/2008,15
139,784,11/19/2008,13
150,639,7/2/2008,12
405,959,10/30/2008,5
106,267,5/26/2008,15
205,479,6/1/2008,14
128,715,5/26/2008,10
156,746,6/1/2008,11
256,848,9/12/2008,14
244,822,11/19/2008,12
262,527,7/2/2008,7
120,823,10/30/2008,6
198,993,5/26/2008,2
379,101,6/1/2008,10
184,285,9/12/2008,7
98,681,11/19/2008,9
239,887,7/2/2008,10
330,32,10/30/2008,14
104,470,5/26/2008,4
212,934,6/1/2008,8
53,992,6/26/2008,12
113,940,6/27/2008,12
289,96,6/28/2008,8
13,415,6/29/2008,5
333,679,6/30/2008,12
409,209,7/1/2008,8
121,578,7/2/2008,13
212,392,10/30/2008,15
83,911,5/26/2008,3
64,570,6/1/2008,3
252,834,9/12/2008,7
194,577,11/19/2008,11
325,808,7/2/2008,9
133,1039,10/30/2008,14
221,560,5/26/2008,14
29,246,6/1/2008,15
72,511,5/26/2008,4
412,750,6/1/2008,9
182,761,9/12/2008,3
136,608,11/19/2008,5
284,435,7/2/2008,1
331,174,10/30/2008,13
378,255,5/26/2008,4
172,670,6/1/2008,7
100,551,9/12/2008,4
140,570,11/19/2008,8
377,213,7/2/2008,5
42,52,10/30/2008,12
53,969,5/26/2008,7
167,642,6/1/2008,3
268,689,6/26/2008,5
96,33,6/27/2008,5
171,241,6/28/2008,3
157,1032,6/29/2008,8
96,41,6/30/2008,13
352,285,7/1/2008,2
427,68,7/2/2008,1
404,209,10/30/2008,10
297,946,5/26/2008,4
363,259,6/1/2008,8
302,349,9/12/2008,10
304,162,11/19/2008,10
259,36,7/2/2008,15
60,600,10/30/2008,1
212,343,5/26/2008,10
357,599,6/1/2008,2
392,419,5/26/2008,5
223,249,6/1/2008,1
267,580,9/12/2008,2
157,319,11/19/2008,14
355,368,7/2/2008,3
292,117,10/30/2008,10
116,130,5/26/2008,13
134,320,6/1/2008,3
74,450,9/12/2008,14
303,191,11/19/2008,1
58,1040,7/2/2008,13
1,253,10/30/2008,9
262,434,5/26/2008,4
219,878,6/1/2008,11
224,949,6/26/2008,11
185,1043,6/27/2008,10
433,399,6/28/2008,10
315,924,6/29/2008,10
442,291,6/30/2008,7
334,905,7/1/2008,5
444,933,7/2/2008,7
228,51,10/30/2008,12
76,697,5/26/2008,11
315,855,6/1/2008,11
252,423,9/12/2008,9
355,805,11/19/2008,6
326,275,7/2/2008,9
148,412,10/30/2008,5
214,545,5/26/2008,14
193,672,6/1/2008,8
334,15,5/26/2008,2
176,106,6/1/2008,9
86,539,9/12/2008,9
258,399,11/19/2008,15
170,266,7/2/2008,13
291,952,10/30/2008,5
124,1050,5/26/2008,1
228,743,6/1/2008,11
228,678,9/12/2008,8
247,131,11/19/2008,3
76,1035,7/2/2008,14
129,167,10/30/2008,15
223,324,5/26/2008,4
346,848,6/1/2008,10
394,631,6/26/2008,1
338,56,6/27/2008,5
42,284,6/28/2008,14
318,927,6/29/2008,4
159,543,6/30/2008,8
205,170,7/1/2008,8
20,654,7/2/2008,15
415,724,10/30/2008,14
109,861,5/26/2008,12
252,358,6/1/2008,13
289,723,9/12/2008,8
98,636,11/19/2008,4
93,485,7/2/2008,10
250,25,10/30/2008,8
170,844,5/26/2008,8
336,192,6/1/2008,10
182,922,5/26/2008,15
361,750,6/1/2008,13
321,586,9/12/2008,4
89,1022,11/19/2008,15
159,546,7/2/2008,10
422,1041,10/30/2008,7
359,878,5/26/2008,13
21,657,6/1/2008,12
348,81,9/12/2008,5
414,510,11/19/2008,8
140,418,7/2/2008,2
145,310,10/30/2008,8
33,523,5/26/2008,15
258,49,6/1/2008,9
270,20,6/26/2008,12
374,807,6/27/2008,7
190,230,6/28/2008,15
1,868,6/29/2008,10
80,150,6/30/2008,15
102,401,7/1/2008,2
119,427,7/2/2008,3
7,1051,10/30/2008,3
271,31,5/26/2008,2
12,432,6/1/2008,6
411,220,9/12/2008,12
281,98,11/19/2008,3
323,574,7/2/2008,15
212,696,10/30/2008,7
59,565,5/26/2008,7
292,301,6/1/2008,1
264,378,5/26/2008,4
115,8,6/1/2008,4
309,42,9/12/2008,1
52,46,11/19/2008,3
202,117,7/2/2008,7
364,951,10/30/2008,5
394,696,5/26/2008,12
76,222,6/1/2008,8
259,28,9/12/2008,14
280,555,11/19/2008,7
65,890,7/2/2008,11
383,447,10/30/2008,9
198,522,5/26/2008,5
318,690,6/1/2008,9
202,597,6/26/2008,4
57,317,6/27/2008,13
226,985,6/28/2008,14
270,664,6/29/2008,7
415,60,6/30/2008,13
292,950,7/1/2008,7
167,1008,7/2/2008,3
427,317,10/30/2008,3
123,598,5/26/2008,4
65,102,6/1/2008,5
387,31,9/12/2008,9
444,277,11/19/2008,13
373,261,7/2/2008,4
174,1005,10/30/2008,5
288,714,5/26/2008,2
207,316,6/1/2008,9
242,440,5/26/2008,2
405,726,6/1/2008,15
72,790,9/12/2008,1
271,711,11/19/2008,9
20,552,7/2/2008,8
29,903,10/30/2008,3
278,875,5/26/2008,13
207,537,6/1/2008,5
35,614,6/26/2008,3
377,160,6/27/2008,15
407,788,6/28/2008,2
291,662,6/29/2008,5
124,121,6/30/2008,10
48,185,7/1/2008,5
32,440,7/2/2008,2
370,759,10/30/2008,7
130,679,5/26/2008,1
377,840,6/1/2008,12
27,831,9/12/2008,5
333,324,11/19/2008,11
344,552,7/2/2008,8
303,227,10/30/2008,14
431,118,5/26/2008,13
277,949,6/1/2008,11
50,848,5/26/2008,1
20,7,6/1/2008,3
281,804,9/12/2008,11
154,341,11/19/2008,13
370,416,7/2/2008,5
18,276,10/30/2008,2
11,1019,5/26/2008,12
147,404,6/1/2008,9
414,947,9/12/2008,12
259,966,11/19/2008,14
260,397,7/2/2008,10
90,487,10/30/2008,11
375,942,5/26/2008,11
320,953,6/1/2008,11
149,712,6/26/2008,1
68,898,6/27/2008,14
370,432,6/28/2008,2
287,379,6/29/2008,10
106,774,6/30/2008,6
186,427,7/1/2008,3
372,825,7/2/2008,9
434,52,10/30/2008,5
252,780,5/26/2008,11
148,69,6/1/2008,3
320,169,9/12/2008,6
303,247,11/19/2008,12
413,916,7/2/2008,6
338,30,10/30/2008,3
231,252,5/26/2008,1
159,984,6/1/2008,2
226,2,5/26/2008,7
24,893,6/1/2008,4
342,176,9/12/2008,11
247,405,11/19/2008,4
362,397,7/2/2008,12
269,27,10/30/2008,7
441,1033,5/26/2008,14
420,635,6/1/2008,12
171,486,9/12/2008,14
274,567,11/19/2008,11
262,126,7/2/2008,7
430,184,10/30/2008,1
32,27,5/26/2008,7
385,929,6/1/2008,5
263,1020,6/26/2008,4
444,387,6/27/2008,15
343,867,6/28/2008,14
48,534,6/29/2008,1
365,812,6/30/2008,3
209,49,7/1/2008,9
24,436,7/2/2008,9
215,778,10/30/2008,8
117,230,5/26/2008,9
201,725,6/1/2008,11
25,120,9/12/2008,5
32,819,11/19/2008,2
429,1049,7/2/2008,5
107,522,10/30/2008,13
80,157,5/26/2008,8
141,11,6/1/2008,2
91,869,5/26/2008,13
82,607,6/1/2008,5
364,6,9/12/2008,9
217,350,11/19/2008,9
329,582,7/2/2008,12
185,652,10/30/2008,6
381,262,5/26/2008,9
151,729,6/1/2008,8
263,45,9/12/2008,10
326,429,11/19/2008,9
67,1048,7/2/2008,4
246,52,10/30/2008,8
32,164,5/26/2008,15
265,895,6/1/2008,14
202,505,6/26/2008,12
443,787,6/27/2008,6
74,395,6/28/2008,3
370,477,6/29/2008,7
117,154,6/30/2008,3
189,329,7/1/2008,3
40,333,7/2/2008,9
330,321,10/30/2008,14
293,657,5/26/2008,7
392,779,6/1/2008,6
163,790,9/12/2008,5
418,173,11/19/2008,12
331,244,7/2/2008,15
123,821,10/30/2008,7
305,741,5/26/2008,3
325,743,6/1/2008,12
233,747,5/26/2008,11
407,589,6/1/2008,11
318,1012,9/12/2008,6
237,155,11/19/2008,3
381,101,7/2/2008,2
229,583,10/30/2008,7
192,348,5/26/2008,12
6,881,6/1/2008,11
236,406,9/12/2008,11
166,262,11/19/2008,11
60,90,7/2/2008,12
141,344,10/30/2008,7
33,797,5/26/2008,1
58,1050,6/1/2008,13
410,558,6/26/2008,7
390,107,6/27/2008,10
69,765,6/28/2008,10
101,555,6/29/2008,6
387,454,6/30/2008,3
348,795,7/1/2008,13
108,682,7/2/2008,3
104,309,10/30/2008,5
18,67,5/26/2008,6
53,862,6/1/2008,5
224,256,9/12/2008,13
285,223,11/19/2008,13
115,610,7/2/2008,12
135,833,10/30/2008,3
257,780,5/26/2008,12
170,17,6/1/2008,6
218,438,5/26/2008,14
231,321,6/1/2008,12
159,206,9/12/2008,6
303,356,11/19/2008,14
144,240,7/2/2008,15
169,296,10/30/2008,11
133,1043,5/26/2008,15
175,629,6/1/2008,6
163,342,9/12/2008,15
363,196,11/19/2008,14
383,322,7/2/2008,4
288,538,10/30/2008,9
244,714,5/26/2008,1
205,825,6/1/2008,8
62,3,6/26/2008,5
102,518,6/27/2008,4
269,446,6/28/2008,14
107,514,6/29/2008,4
430,119,6/30/2008,1
338,868,7/1/2008,12
47,350,7/2/2008,13
76,679,10/30/2008,2
2,834,5/26/2008,6
200,592,6/1/2008,10
130,821,9/12/2008,1
120,580,11/19/2008,14
385,805,7/2/2008,11
94,984,10/30/2008,8
333,717,5/26/2008,11
435,233,6/1/2008,14
344,1045,5/26/2008,6
296,257,6/1/2008,2
132,428,9/12/2008,8
7,456,11/19/2008,11
52,927,7/2/2008,1
264,72,10/30/2008,8
271,27,5/26/2008,3
206,500,6/1/2008,15
167,11,9/12/2008,10
52,936,11/19/2008,5
179,140,7/2/2008,9
52,45,10/30/2008,12
249,782,5/26/2008,4
212,634,6/1/2008,11
153,70,6/26/2008,7
311,495,6/27/2008,8
324,31,6/28/2008,11
244,914,6/29/2008,6
401,836,6/30/2008,7
332,1016,7/1/2008,4
400,918,7/2/2008,2
239,153,10/30/2008,7
136,933,5/26/2008,13
251,733,6/1/2008,4
71,476,9/12/2008,5
264,744,11/19/2008,4
178,796,7/2/2008,13
113,542,10/30/2008,1
294,494,5/26/2008,3
443,522,6/1/2008,11
244,443,5/26/2008,8
338,230,6/1/2008,1
208,142,9/12/2008,7
199,719,11/19/2008,5
304,180,7/2/2008,2
212,810,10/30/2008,7
62,889,5/26/2008,7
43,647,6/1/2008,13
285,309,9/12/2008,2
437,653,11/19/2008,2
388,938,7/2/2008,15
93,7,10/30/2008,4
259,390,5/26/2008,8
268,539,6/1/2008,5
417,389,6/26/2008,6
350,195,6/27/2008,1
31,714,6/28/2008,9
401,62,6/29/2008,6
407,55,6/30/2008,5
147,595,7/1/2008,6
256,17,7/2/2008,6
2,934,10/30/2008,5
235,798,5/26/2008,15
426,104,6/1/2008,8
212,466,9/12/2008,3
177,204,11/19/2008,13
262,111,7/2/2008,9
237,84,10/30/2008,15
271,192,5/26/2008,12
319,349,6/1/2008,5
19,520,5/26/2008,1
252,897,6/1/2008,3
427,789,9/12/2008,1
378,703,11/19/2008,4
356,819,7/2/2008,1
275,833,10/30/2008,14
298,42,5/26/2008,2
224,593,6/1/2008,13
417,41,9/12/2008,3
331,713,11/19/2008,3
408,346,7/2/2008,9
361,148,10/30/2008,8
125,269,5/26/2008,11
36,1043,6/1/2008,3
358,731,6/26/2008,1
337,398,6/27/2008,5
46,709,6/28/2008,9
440,72,6/29/2008,7
201,798,6/30/2008,1
74,863,7/1/2008,7
355,440,7/2/2008,12
409,49,10/30/2008,2
424,182,5/26/2008,6
418,207,6/1/2008,2
303,847,9/12/2008,6
255,424,11/19/2008,3
227,995,7/2/2008,10
115,236,10/30/2008,6
129,1024,5/26/2008,14
276,95,6/1/2008,6
386,776,5/26/2008,9
312,896,6/1/2008,7
420,892,9/12/2008,11
411,627,11/19/2008,6
129,784,7/2/2008,3
321,697,10/30/2008,4
159,34,5/26/2008,12
247,720,6/1/2008,8
313,562,9/12/2008,9
122,708,11/19/2008,1
112,216,7/2/2008,15
207,166,10/30/2008,15
389,17,5/26/2008,5
40,391,6/1/2008,4
102,803,6/26/2008,9
380,929,6/27/2008,8
83,699,6/28/2008,5
179,351,6/29/2008,13
83,117,6/30/2008,7
415,591,7/1/2008,11
405,811,7/2/2008,15
251,358,10/30/2008,14
327,16,5/26/2008,2
35,974,6/1/2008,5
405,1053,9/12/2008,5
400,689,11/19/2008,5
34,402,7/2/2008,1
366,542,10/30/2008,5
116,91,5/26/2008,7
437,149,6/1/2008,3
425,839,5/26/2008,2
61,810,6/1/2008,7
7,460,9/12/2008,7
284,58,11/19/2008,15
330,126,7/2/2008,12
46,261,10/30/2008,11
433,451,5/26/2008,2
166,97,6/1/2008,5
94,224,9/12/2008,10
265,713,11/19/2008,14
198,43,7/2/2008,11
82,493,10/30/2008,13
410,288,5/26/2008,11
75,291,6/1/2008,9
284,684,6/26/2008,9
122,158,6/27/2008,15
53,389,6/28/2008,13
131,641,6/29/2008,10
276,511,6/30/2008,6
397,575,7/1/2008,4
197,766,7/2/2008,2
24,378,10/30/2008,14
51,69,5/26/2008,4
398,756,6/1/2008,3
10,597,9/12/2008,14
443,995,11/19/2008,2
217,272,7/2/2008,1
410,325,10/30/2008,6
98,582,5/26/2008,15
146,306,6/1/2008,8
37,458,5/26/2008,4
428,749,6/1/2008,13
96,120,9/12/2008,10
422,247,11/19/2008,1
204,179,7/2/2008,6
375,756,10/30/2008,2
232,526,5/26/2008,9
362,225,6/1/2008,2
188,156,9/12/2008,2
205,448,11/19/2008,4
190,154,7/2/2008,1
338,493,10/30/2008,1
155,411,5/26/2008,7
133,145,6/1/2008,10
340,667,6/26/2008,1
251,924,6/27/2008,5
109,518,6/28/2008,13
212,780,6/29/2008,13
120,902,6/30/2008,5
379,597,7/1/2008,11
254,174,7/2/2008,2
412,747,10/30/2008,15
169,150,5/26/2008,1
394,711,6/1/2008,7
165,584,9/12/2008,15
196,802,11/19/2008,11
245,917,7/2/2008,14
238,1038,10/30/2008,1
410,952,5/26/2008,3
57,921,6/1/2008,11
253,599,5/26/2008,13
6,197,6/1/2008,2
375,124,9/12/2008,14
374,813,11/19/2008,13
381,450,7/2/2008,6
361,1,10/30/2008,6
114,36,5/26/2008,13
393,474,6/1/2008,10
37,74,9/12/2008,14
407,51,11/19/2008,11
38,918,7/2/2008,8
315,736,10/30/2008,10
361,206,5/26/2008,9
373,338,6/1/2008,12
352,914,6/26/2008,3
396,443,6/27/2008,1
354,972,6/28/2008,6
248,901,6/29/2008,1
195,285,6/30/2008,8
413,146,7/1/2008,14
436,87,7/2/2008,15
364,660,10/30/2008,11
60,1012,5/26/2008,3
203,593,6/1/2008,3
111,11,9/12/2008,2
212,824,11/19/2008,4
265,324,7/2/2008,11
53,643,10/30/2008,3
282,788,5/26/2008,10
263,917,6/1/2008,8
160,963,5/26/2008,6
84,648,6/1/2008,11
63,752,9/12/2008,13
440,1025,11/19/2008,12
404,517,7/2/2008,15
36,765,10/30/2008,2
107,369,5/26/2008,3
351,292,6/1/2008,2
198,864,9/12/2008,3
389,760,11/19/2008,11
115,356,7/2/2008,12
333,443,10/30/2008,6
304,71,5/26/2008,7
25,944,6/1/2008,8
310,458,6/26/2008,1
242,11,6/27/2008,8
19,152,6/28/2008,2
272,722,6/29/2008,2
413,1054,6/30/2008,9
175,229,7/1/2008,14
284,129,7/2/2008,3
66,523,10/30/2008,8
373,394,5/26/2008,1
109,758,6/1/2008,1
193,1019,9/12/2008,6
131,444,11/19/2008,2
311,91,7/2/2008,6
316,754,10/30/2008,8
394,700,5/26/2008,9
171,609,6/1/2008,6
243,989,5/26/2008,7
6,307,6/1/2008,7
178,400,9/12/2008,8
69,709,11/19/2008,9
43,54,7/2/2008,6
298,570,10/30/2008,13
262,887,5/26/2008,13
383,827,6/1/2008,2
401,442,9/12/2008,7
44,791,11/19/2008,1
284,818,7/2/2008,10
417,779,10/30/2008,13
134,991,5/26/2008,11
12,581,6/1/2008,10
367,455,6/26/2008,5
206,548,6/27/2008,12
148,378,6/28/2008,13
263,893,6/29/2008,12
381,798,6/30/2008,14
382,943,7/1/2008,7
424,954,7/2/2008,14
223,148,10/30/2008,2
382,999,5/26/2008,14
397,967,6/1/2008,6
402,985,9/12/2008,1
237,220,11/19/2008,12
148,527,7/2/2008,13
442,280,10/30/2008,6
377,543,5/26/2008,7
227,206,6/1/2008,1
164,1044,5/26/2008,13
74,227,6/1/2008,5
142,947,9/12/2008,6
197,510,11/19/2008,8
25,41,7/2/2008,13
126,757,10/30/2008,11
313,330,5/26/2008,10
339,940,6/1/2008,9
233,216,6/26/2008,13
385,407,6/27/2008,1
414,1028,6/28/2008,6
418,622,6/29/2008,14
304,543,6/30/2008,8
354,80,7/1/2008,10
138,693,7/2/2008,6
69,366,10/30/2008,10
364,844,5/26/2008,7
238,66,6/1/2008,14
125,439,9/12/2008,8
150,392,11/19/2008,8
236,126,7/2/2008,14
39,773,10/30/2008,4
65,786,5/26/2008,15
80,494,6/1/2008,2
429,829,5/26/2008,9
124,420,6/1/2008,5
326,981,9/12/2008,2
163,966,11/19/2008,3
90,777,7/2/2008,12
11,209,10/30/2008,13
151,523,5/26/2008,6
111,383,6/1/2008,8
25,678,9/12/2008,14
215,1038,11/19/2008,9
31,943,7/2/2008,14
24,115,10/30/2008,14
91,286,5/26/2008,14
250,902,6/1/2008,4
253,433,6/26/2008,5
316,825,6/27/2008,3
47,691,6/28/2008,8
5,981,6/29/2008,6
395,606,6/30/2008,8
27,134,7/1/2008,2
286,283,7/2/2008,1
213,113,10/30/2008,7
9,296,5/26/2008,11
331,561,6/1/2008,6
397,872,9/12/2008,12
185,234,11/19/2008,8
251,147,7/2/2008,8
364,950,10/30/2008,3
206,268,5/26/2008,5
139,667,6/1/2008,14
17,844,5/26/2008,4
392,991,6/1/2008,12
150,776,9/12/2008,12
281,556,11/19/2008,2
79,581,7/2/2008,2
306,654,10/30/2008,9
165,311,5/26/2008,3
372,962,6/1/2008,10
345,329,9/12/2008,12
417,570,11/19/2008,14
211,578,7/2/2008,5
172,873,10/30/2008,11
339,1023,5/26/2008,8
326,989,6/1/2008,6
406,205,6/26/2008,4
164,208,6/27/2008,3
110,405,6/28/2008,12
423,148,6/29/2008,8
133,278,6/30/2008,5
165,652,7/1/2008,4
269,126,7/2/2008,12
203,77,10/30/2008,6
49,326,5/26/2008,12
8,402,6/1/2008,14
240,295,9/12/2008,1
140,305,11/19/2008,14
266,627,7/2/2008,15
47,1033,10/30/2008,12
81,220,5/26/2008,6
401,449,6/1/2008,3
420,115,5/26/2008,2
191,44,6/1/2008,5
279,1,9/12/2008,14
170,108,11/19/2008,3
374,951,7/2/2008,10
111,855,10/30/2008,14
388,965,5/26/2008,9
218,664,6/1/2008,4
119,227,9/12/2008,13
110,694,11/19/2008,14
416,428,7/2/2008,8
204,667,10/30/2008,13
261,488,5/26/2008,13
441,958,6/1/2008,15
205,348,6/26/2008,14
302,934,6/27/2008,3
323,653,6/28/2008,12
434,131,6/29/2008,8
159,469,6/30/2008,11
440,796,7/1/2008,6
210,985,7/2/2008,2
105,270,10/30/2008,14
116,697,5/26/2008,4
361,374,6/1/2008,9
223,902,9/12/2008,13
417,325,11/19/2008,13
93,769,7/2/2008,8
86,180,10/30/2008,9
35,703,5/26/2008,8
131,232,6/1/2008,1
45,1033,5/26/2008,4
4,264,6/1/2008,15
129,833,9/12/2008,14
420,379,11/19/2008,15
80,375,7/2/2008,4
179,169,10/30/2008,6
194,617,5/26/2008,15
148,626,6/1/2008,9
2,247,9/12/2008,7
190,913,11/19/2008,4
59,193,7/2/2008,13
224,1037,10/30/2008,5
334,379,5/26/2008,6
142,361,6/1/2008,4
145,63,6/26/2008,14
170,805,6/27/2008,10
234,26,6/28/2008,6
424,477,6/29/2008,10
25,456,6/30/2008,12
133,123,7/1/2008,4
139,251,7/2/2008,11
122,505,10/30/2008,8
22,404,5/26/2008,7
300,975,6/1/2008,13
207,623,9/12/2008,2
340,227,11/19/2008,9
185,103,7/2/2008,2
261,443,10/30/2008,15
90,360,5/26/2008,5
364,746,6/1/2008,8
8,326,5/26/2008,1
295,1034,6/1/2008,9
116,297,9/12/2008,11
192,368,11/19/2008,10
418,555,7/2/2008,8
397,938,10/30/2008,12
124,507,5/26/2008,11
6,191,6/1/2008,10
23,310,9/12/2008,1
147,654,11/19/2008,3
33,967,7/2/2008,2
99,949,10/30/2008,11
436,384,5/26/2008,8
256,568,6/1/2008,8
324,590,6/26/2008,15
242,615,6/27/2008,1
242,184,6/28/2008,5
316,419,6/29/2008,11
164,469,6/30/2008,8
202,206,7/1/2008,3
86,853,7/2/2008,12
22,211,10/30/2008,1
39,723,5/26/2008,13
124,764,6/1/2008,2
200,792,9/12/2008,15
235,673,11/19/2008,11
197,457,7/2/2008,1
224,131,10/30/2008,10
11,387,5/26/2008,11
318,302,6/1/2008,5
265,186,5/26/2008,4
72,556,6/1/2008,8
328,122,9/12/2008,14
310,756,11/19/2008,11
279,40,7/2/2008,15
14,947,10/30/2008,13
300,595,5/26/2008,11
220,722,6/1/2008,12
414,995,9/12/2008,15
115,976,11/19/2008,15
234,989,7/2/2008,5
197,801,10/30/2008,15
249,502,5/26/2008,13
437,243,6/1/2008,5
94,296,6/26/2008,6
363,1018,6/27/2008,5
226,387,6/28/2008,6
113,944,6/29/2008,7
188,406,6/30/2008,15
181,1053,7/1/2008,11
399,637,7/2/2008,11
1,1016,10/30/2008,7
287,896,5/26/2008,10
341,211,6/1/2008,8
219,743,9/12/2008,3
187,976,11/19/2008,13
337,163,7/2/2008,5
90,786,10/30/2008,5
94,58,5/26/2008,14
108,323,6/1/2008,13
102,362,5/26/2008,13
352,182,6/1/2008,1
444,533,9/12/2008,5
297,30,11/19/2008,12
142,690,7/2/2008,14
32,736,10/30/2008,8
34,285,5/26/2008,2
352,955,6/1/2008,6
360,83,9/12/2008,4
58,990,11/19/2008,14
392,993,7/2/2008,13
312,213,10/30/2008,11
196,615,5/26/2008,10
188,153,6/1/2008,5
303,893,6/26/2008,5
318,968,6/27/2008,10
102,596,6/28/2008,9
374,934,6/29/2008,13
436,151,6/30/2008,11
122,439,7/1/2008,6
359,615,7/2/2008,5
298,83,10/30/2008,7
9,866,5/26/2008,10
95,515,6/1/2008,2
127,366,9/12/2008,2
426,919,11/19/2008,10
95,347,7/2/2008,1
421,341,10/30/2008,2
359,320,5/26/2008,1
230,471,6/1/2008,9
72,748,5/26/2008,7
432,190,6/1/2008,7
414,952,9/12/2008,5
78,634,11/19/2008,13
258,246,7/2/2008,6
348,990,10/30/2008,7
426,1053,5/26/2008,10
196,568,6/1/2008,10
61,62,9/12/2008,13
75,941,11/19/2008,11
409,940,7/2/2008,10
184,627,10/30/2008,6
419,603,5/26/2008,9
336,396,6/1/2008,11
159,998,6/26/2008,4
319,729,6/27/2008,8
195,350,6/28/2008,4
320,918,6/29/2008,1
63,856,6/30/2008,13
263,903,7/1/2008,13
292,763,7/2/2008,2
233,109,10/30/2008,12
75,906,5/26/2008,8
33,628,6/1/2008,12
399,260,9/12/2008,10
280,377,11/19/2008,11
76,20,7/2/2008,7
412,118,10/30/2008,11
268,680,5/26/2008,2
428,497,6/1/2008,7
197,164,5/26/2008,5
80,140,6/1/2008,12
210,104,9/12/2008,11
90,43,11/19/2008,4
94,809,7/2/2008,1
187,964,10/30/2008,2
395,643,5/26/2008,3
133,908,6/1/2008,5
289,235,9/12/2008,4
397,627,11/19/2008,12
154,730,7/2/2008,6
158,648,10/30/2008,6
224,45,5/26/2008,14
313,882,6/1/2008,7
186,565,6/26/2008,6
281,158,6/27/2008,5
322,575,6/28/2008,5
76,461,6/29/2008,7
281,343,6/30/2008,8
141,705,7/1/2008,11
234,258,7/2/2008,14
50,107,10/30/2008,8
128,190,5/26/2008,13
49,1035,6/1/2008,4
406,740,9/12/2008,8
96,316,11/19/2008,2
242,200,7/2/2008,13
231,89,10/30/2008,5
247,496,5/26/2008,7
439,894,6/1/2008,9
106,583,5/26/2008,12
189,481,6/1/2008,15
289,71,9/12/2008,4
1,526,11/19/2008,12
204,437,7/2/2008,9
150,1036,10/30/2008,11
176,396,5/26/2008,5
428,287,6/1/2008,3
148,382,9/12/2008,13
159,502,11/19/2008,7
202,788,7/2/2008,1
103,791,10/30/2008,10
222,524,5/26/2008,2
228,764,6/1/2008,13
292,895,6/26/2008,5
144,689,6/27/2008,1
289,366,6/28/2008,2
181,36,6/29/2008,9
214,163,6/30/2008,9
107,6,7/1/2008,15
218,990,7/2/2008,2
382,671,10/30/2008,15
183,398,5/26/2008,4
232,739,6/1/2008,6
294,416,9/12/2008,13
6,945,11/19/2008,6
160,101,7/2/2008,9
207,418,10/30/2008,14
329,724,5/26/2008,2
246,998,6/1/2008,12
96,796,5/26/2008,5
108,587,6/1/2008,8
154,250,9/12/2008,4
352,13,11/19/2008,3
373,21,7/2/2008,11
345,911,10/30/2008,2
248,868,5/26/2008,4
45,158,6/1/2008,12
129,326,9/12/2008,9
10,158,11/19/2008,11
206,201,7/2/2008,11
272,888,10/30/2008,10
132,478,5/26/2008,6
431,9,6/1/2008,7
47,642,6/26/2008,14
215,177,6/27/2008,13
62,589,6/28/2008,8
54,399,6/29/2008,15
100,758,6/30/2008,1
371,130,7/1/2008,12
332,940,7/2/2008,2
89,702,10/30/2008,7
389,203,5/26/2008,11
213,188,6/1/2008,9
155,802,9/12/2008,13
4,677,11/19/2008,12
49,279,7/2/2008,4
126,789,10/30/2008,12
180,719,5/26/2008,2
347,905,6/1/2008,9
64,152,5/26/2008,12
331,900,6/1/2008,9
115,594,9/12/2008,12
21,263,11/19/2008,15
121,784,7/2/2008,5
100,869,10/30/2008,11
203,787,5/26/2008,9
56,46,6/1/2008,11
97,429,9/12/2008,4
385,278,11/19/2008,7
374,448,7/2/2008,12
288,642,10/30/2008,3
192,858,5/26/2008,2
147,871,6/1/2008,6
250,17,6/26/2008,14
300,531,6/27/2008,6
352,656,6/28/2008,9
77,458,6/29/2008,12
223,936,6/30/2008,10
299,244,7/1/2008,2
136,432,7/2/2008,1
129,589,10/30/2008,11
91,487,5/26/2008,3
249,179,6/1/2008,6
387,109,9/12/2008,1
398,592,11/19/2008,7
191,827,7/2/2008,4
392,260,10/30/2008,8
14,774,5/26/2008,2
18,272,6/1/2008,14
409,69,5/26/2008,13
84,961,6/1/2008,13
361,814,9/12/2008,11
307,740,11/19/2008,10
274,1021,7/2/2008,11
109,107,10/30/2008,8
109,399,5/26/2008,11
249,236,6/1/2008,2
136,570,9/12/2008,4
310,520,11/19/2008,3
199,3,7/2/2008,1
139,797,10/30/2008,4
249,438,5/26/2008,1
139,781,6/1/2008,1
29,299,6/26/2008,10
344,560,6/27/2008,15
276,672,6/28/2008,13
422,575,6/29/2008,3
226,152,6/30/2008,9
248,441,7/1/2008,14
146,514,7/2/2008,4
208,1039,10/30/2008,11
117,96,5/26/2008,14
249,294,6/1/2008,2
227,775,9/12/2008,12
219,999,11/19/2008,6
332,103,7/2/2008,15
34,391,10/30/2008,3
45,127,5/26/2008,12
422,590,6/1/2008,12
320,597,5/26/2008,11
367,163,6/1/2008,13
123,330,9/12/2008,2
331,171,11/19/2008,9
113,653,7/2/2008,3
270,36,10/30/2008,11
399,728,5/26/2008,5
424,360,6/1/2008,5
226,988,9/12/2008,12
384,165,11/19/2008,7
123,168,7/2/2008,12
414,872,10/30/2008,3
359,439,5/26/2008,7
107,115,6/1/2008,4
122,663,6/26/2008,15
74,17,6/27/2008,8
262,751,6/28/2008,13
423,9,6/29/2008,12
210,344,6/30/2008,7
435,734,7/1/2008,2
254,1037,7/2/2008,1
118,1019,10/30/2008,6
423,846,5/26/2008,12
55,839,6/1/2008,4
45,8,9/12/2008,9
395,605,11/19/2008,14
199,605,7/2/2008,14
69,355,10/30/2008,1
14,822,5/26/2008,8
59,782,6/1/2008,13
385,401,5/26/2008,15
15,284,6/1/2008,13
20,139,9/12/2008,15
188,738,11/19/2008,5
425,1037,7/2/2008,10
413,742,10/30/2008,14
118,651,5/26/2008,14
97,551,6/1/2008,5
25,863,6/26/2008,6
332,700,6/27/2008,7
123,204,6/28/2008,15
137,903,6/29/2008,1
209,30,6/30/2008,12
231,804,7/1/2008,7
246,608,7/2/2008,11
326,594,10/30/2008,6
389,379,5/26/2008,8
61,732,6/1/2008,4
59,188,9/12/2008,9
115,608,11/19/2008,3
295,925,7/2/2008,5
23,574,10/30/2008,6
195,136,5/26/2008,10
420,1009,6/1/2008,2
391,104,5/26/2008,12
125,916,6/1/2008,11
261,91,9/12/2008,15
395,208,11/19/2008,10
12,88,7/2/2008,7
279,85,10/30/2008,3
87,406,5/26/2008,10
328,86,6/1/2008,9
99,41,9/12/2008,1
194,49,11/19/2008,8
117,795,7/2/2008,13
263,652,10/30/2008,5
308,809,5/26/2008,13
190,20,6/1/2008,13
84,372,6/26/2008,2
35,296,6/27/2008,1
353,696,6/28/2008,7
16,884,6/29/2008,13
249,374,6/30/2008,6
270,371,7/1/2008,12
270,952,7/2/2008,4
78,932,10/30/2008,3
375,375,5/26/2008,12
248,786,6/1/2008,12
145,13,9/12/2008,2
212,820,11/19/2008,5
190,368,7/2/2008,9
40,730,10/30/2008,8
175,610,5/26/2008,11
228,163,6/1/2008,5
164,599,5/26/2008,3
213,286,6/1/2008,6
148,141,9/12/2008,8
65,782,11/19/2008,15
360,373,7/2/2008,9
186,59,10/30/2008,10
326,376,5/26/2008,4
203,872,6/1/2008,4
172,962,9/12/2008,5
301,859,11/19/2008,3
266,416,7/2/2008,2
400,505,10/30/2008,12
246,762,5/26/2008,12
125,238,6/1/2008,7
79,1004,6/26/2008,6
156,149,6/27/2008,4
380,1033,6/28/2008,6
337,216,6/29/2008,3
297,642,6/30/2008,2
253,377,7/1/2008,15
387,290,7/2/2008,10
429,1032,10/30/2008,13
345,1021,5/26/2008,4
210,305,6/1/2008,5
102,842,9/12/2008,11
437,866,11/19/2008,7
353,922,7/2/2008,12
363,694,10/30/2008,12
183,790,5/26/2008,13
435,404,6/1/2008,10
303,651,5/26/2008,2
54,378,6/1/2008,14
424,63,9/12/2008,11
112,202,11/19/2008,8
318,557,7/2/2008,15
141,709,10/30/2008,7
20,546,5/26/2008,12
435,692,6/1/2008,7
423,574,9/12/2008,5
391,1010,11/19/2008,9
136,614,7/2/2008,10
95,631,10/30/2008,8
347,691,5/26/2008,11
412,965,6/1/2008,6
253,383,6/26/2008,10
167,180,6/27/2008,13
120,896,6/28/2008,13
131,498,6/29/2008,2
221,335,6/30/2008,13
53,368,7/1/2008,7
270,923,7/2/2008,4
254,229,10/30/2008,14
56,516,5/26/2008,10
30,112,6/1/2008,7
199,919,9/12/2008,8
437,693,11/19/2008,2
348,212,7/2/2008,14
207,488,10/30/2008,6
168,427,5/26/2008,1
6,948,6/1/2008,8
172,291,5/26/2008,5
113,1007,6/1/2008,7
407,302,9/12/2008,7
271,71,11/19/2008,4
19,449,7/2/2008,9
407,537,10/30/2008,3
419,868,5/26/2008,11
220,331,6/1/2008,7
270,81,9/12/2008,10
72,101,11/19/2008,3
385,868,7/2/2008,9
224,590,10/30/2008,4
53,12,5/26/2008,2
64,494,6/1/2008,1
112,545,6/26/2008,4
1,766,6/27/2008,1
403,654,6/28/2008,12
381,104,6/29/2008,7
272,238,6/30/2008,13
38,759,7/1/2008,3
274,406,7/2/2008,3
248,1043,10/30/2008,9
220,781,5/26/2008,2
385,97,6/1/2008,7
144,88,9/12/2008,10
233,722,11/19/2008,8
312,2,7/2/2008,12
290,560,10/30/2008,11
235,1017,5/26/2008,2
132,210,6/1/2008,12
59,402,5/26/2008,4
6,108,6/1/2008,8
228,66,9/12/2008,5
3,704,11/19/2008,10
241,449,7/2/2008,8
45,340,10/30/2008,7
248,382,5/26/2008,7
28,651,6/1/2008,4
26,684,9/12/2008,3
144,344,11/19/2008,5
121,859,7/2/2008,13
174,486,10/30/2008,2
178,744,5/26/2008,1
69,756,6/1/2008,13
342,168,6/26/2008,3
186,345,6/27/2008,1
35,944,6/28/2008,1
17,182,6/29/2008,5
441,749,6/30/2008,14
205,949,7/1/2008,3
34,1,7/2/2008,6
152,84,10/30/2008,1
5,437,5/26/2008,12
274,485,6/1/2008,14
434,261,9/12/2008,8
437,330,11/19/2008,7
242,126,7/2/2008,4
128,241,10/30/2008,8
112,128,5/26/2008,7
252,338,6/1/2008,3
390,305,5/26/2008,9
119,162,6/1/2008,4
433,893,9/12/2008,2
422,85,11/19/2008,3
151,1006,7/2/2008,2
321,345,10/30/2008,7
288,782,5/26/2008,15
265,772,6/1/2008,4
10,326,9/12/2008,5
343,38,11/19/2008,7
40,751,7/2/2008,2
21,704,10/30/2008,8
165,922,5/26/2008,15
183,686,6/1/2008,9
238,1040,6/26/2008,7
20,912,6/27/2008,8
92,623,6/28/2008,3
80,976,6/29/2008,9
355,840,6/30/2008,14
141,477,7/1/2008,10
199,62,7/2/2008,2
258,957,10/30/2008,14
292,809,5/26/2008,7
75,809,6/1/2008,4
318,288,9/12/2008,12
91,947,11/19/2008,2
184,983,7/2/2008,2
43,99,10/30/2008,3
243,859,5/26/2008,10
202,697,6/1/2008,7
232,318,5/26/2008,4
202,831,6/1/2008,3
19,230,9/12/2008,5
277,931,11/19/2008,15
408,191,7/2/2008,6
273,730,10/30/2008,1
292,1009,5/26/2008,6
199,148,6/1/2008,15
87,111,9/12/2008,12
203,823,11/19/2008,14
377,405,7/2/2008,11
214,460,10/30/2008,10
401,764,5/26/2008,6
246,871,6/1/2008,3
86,28,6/26/2008,9
10,525,6/27/2008,1
240,729,6/28/2008,15
364,82,6/29/2008,4
419,144,6/30/2008,1
43,203,7/1/2008,5
73,373,7/2/2008,7
76,1047,10/30/2008,2
105,486,5/26/2008,14
30,793,6/1/2008,7
293,660,9/12/2008,6
8,872,11/19/2008,3
410,367,7/2/2008,8
15,369,10/30/2008,2
338,300,5/26/2008,6
138,321,6/1/2008,10
427,740,5/26/2008,11
277,388,6/1/2008,6
419,43,9/12/2008,11
146,947,11/19/2008,12
159,461,7/2/2008,8
184,129,10/30/2008,5
383,502,5/26/2008,15
24,698,6/1/2008,14
376,96,9/12/2008,4
156,692,11/19/2008,1
430,738,7/2/2008,2
368,1043,10/30/2008,2
102,920,5/26/2008,10
351,641,6/1/2008,7
210,367,6/26/2008,5
146,784,6/27/2008,14
248,697,6/28/2008,11
143,417,6/29/2008,8
216,191,6/30/2008,12
328,886,7/1/2008,12
315,776,7/2/2008,1
20,375,10/30/2008,12
167,369,5/26/2008,5
107,52,6/1/2008,9
56,996,9/12/2008,2
112,787,11/19/2008,4
205,619,7/2/2008,13
11,211,10/30/2008,6
194,1003,5/26/2008,11
78,527,6/1/2008,13
398,259,5/26/2008,6
73,923,6/1/2008,6
146,14,9/12/2008,15
361,52,11/19/2008,7
267,78,7/2/2008,14
173,162,10/30/2008,8
10,256,5/26/2008,5
430,140,6/1/2008,3
344,605,9/12/2008,9
82,793,11/19/2008,9
415,308,7/2/2008,5
406,472,10/30/2008,8
230,167,5/26/2008,4
168,369,6/1/2008,6
420,854,6/26/2008,13
33,316,6/27/2008,1
297,453,6/28/2008,6
140,667,6/29/2008,6
408,1049,6/30/2008,4
274,331,7/1/2008,8
416,482,7/2/2008,4
42,394,10/30/2008,10
143,97,5/26/2008,15
134,578,6/1/2008,11
173,801,9/12/2008,14
85,157,11/19/2008,3
177,170,7/2/2008,4
69,104,10/30/2008,7
215,181,5/26/2008,3
24,83,6/1/2008,7
70,296,5/26/2008,8
193,562,6/1/2008,8
229,278,9/12/2008,2
316,158,11/19/2008,13
421,315,7/2/2008,8
136,461,10/30/2008,13
318,641,5/26/2008,7
295,836,6/1/2008,14
326,369,9/12/2008,10
42,375,11/19/2008,1
232,773,7/2/2008,7
179,279,10/30/2008,2
300,651,5/26/2008,11
120,391,6/1/2008,9
256,298,6/26/2008,10
341,757,6/27/2008,12
334,884,6/28/2008,15
444,510,6/29/2008,15
125,447,6/30/2008,13
175,1014,7/1/2008,8
2,500,7/2/2008,8
438,814,10/30/2008,1
48,432,5/26/2008,2
141,918,6/1/2008,13
187,108,9/12/2008,3
427,860,11/19/2008,8
276,136,7/2/2008,3
121,225,10/30/2008,4
429,280,5/26/2008,9
375,214,6/1/2008,4
144,1036,5/26/2008,14
422,667,6/1/2008,12
265,584,9/12/2008,9
340,940,11/19/2008,11
25,1017,7/2/2008,8
437,126,10/30/2008,10
315,669,5/26/2008,7
313,684,6/1/2008,2
120,701,9/12/2008,10
322,19,11/19/2008,7
412,835,7/2/2008,11
182,620,10/30/2008,9
314,1,5/26/2008,1
318,783,6/1/2008,10
113,897,6/26/2008,6
38,919,6/27/2008,13
443,840,6/28/2008,11
278,832,6/29/2008,13
77,678,6/30/2008,2
252,346,7/1/2008,2
301,535,7/2/2008,1
320,206,10/30/2008,1
42,575,5/26/2008,8
296,969,6/1/2008,3
220,717,9/12/2008,2
231,704,11/19/2008,3
192,759,7/2/2008,1
113,479,10/30/2008,6
71,338,5/26/2008,4
228,555,6/1/2008,6
316,847,5/26/2008,13
46,298,6/1/2008,6
40,942,9/12/2008,5
355,891,11/19/2008,11
397,498,7/2/2008,14
350,689,10/30/2008,15
266,516,5/26/2008,15
356,157,6/1/2008,1
409,682,9/12/2008,10
139,319,11/19/2008,11
294,854,7/2/2008,4
384,1046,10/30/2008,7
404,1019,5/26/2008,6
375,820,6/1/2008,9
88,216,6/26/2008,7
271,530,6/27/2008,14
424,729,6/28/2008,9
359,287,6/29/2008,4
243,329,6/30/2008,5
136,505,7/1/2008,4
327,823,7/2/2008,8
118,771,10/30/2008,15
6,983,5/26/2008,8
415,716,6/1/2008,15
223,1009,9/12/2008,7
192,29,11/19/2008,10
349,429,7/2/2008,15
150,331,10/30/2008,13
354,820,5/26/2008,2
130,661,6/1/2008,15
144,513,5/26/2008,15
241,74,6/1/2008,3
142,933,9/12/2008,6
57,72,11/19/2008,11
192,227,7/2/2008,8
105,235,10/30/2008,10
136,211,5/26/2008,12
276,19,6/1/2008,8
120,387,9/12/2008,7
270,222,11/19/2008,15
237,503,7/2/2008,1
210,564,10/30/2008,9
354,732,5/26/2008,12
355,427,6/1/2008,5
266,215,6/26/2008,9
271,483,6/27/2008,4
23,686,6/28/2008,13
386,232,6/29/2008,1
160,289,6/30/2008,6
279,659,7/1/2008,14
294,98,7/2/2008,2
373,404,10/30/2008,6
438,433,5/26/2008,8
226,269,6/1/2008,13
362,311,9/12/2008,6
225,581,11/19/2008,2
257,346,7/2/2008,7
95,34,10/30/2008,8
407,149,5/26/2008,13
248,265,6/1/2008,15
27,563,5/26/2008,6
257,1023,6/1/2008,12
276,650,9/12/2008,4
344,20,11/19/2008,4
274,328,7/2/2008,7
38,395,10/30/2008,1
343,155,5/26/2008,13
402,37,6/1/2008,1
49,594,9/12/2008,8
101,905,11/19/2008,7
81,871,7/2/2008,8
357,684,10/30/2008,2
116,729,5/26/2008,3
378,734,6/1/2008,9
116,13,6/26/2008,3
227,71,6/27/2008,11
399,92,6/28/2008,8
284,569,6/29/2008,8
12,236,6/30/2008,4
160,579,7/1/2008,3
197,667,7/2/2008,12
108,925,10/30/2008,13
162,590,5/26/2008,1
192,990,6/1/2008,15
126,769,9/12/2008,4
20,508,11/19/2008,9
37,791,7/2/2008,2
2,504,10/30/2008,2
222,429,5/26/2008,12
247,447,6/1/2008,11
21,192,5/26/2008,3
321,166,6/1/2008,9
36,487,9/12/2008,2
382,239,11/19/2008,10
367,409,7/2/2008,7
111,936,10/30/2008,9
311,491,5/26/2008,5
57,386,6/1/2008,12
379,499,6/26/2008,7
57,602,6/27/2008,8
101,158,6/28/2008,9
379,101,6/29/2008,14
219,676,6/30/2008,4
123,95,7/1/2008,13
45,1033,7/2/2008,5
377,964,10/30/2008,9
6,632,5/26/2008,10
373,335,6/1/2008,5
370,36,9/12/2008,15
119,393,11/19/2008,11
379,988,7/2/2008,7
172,131,10/30/2008,8
68,605,5/26/2008,13
231,56,6/1/2008,8
428,77,5/26/2008,10
76,45,6/1/2008,6
357,1017,9/12/2008,8
200,804,11/19/2008,3
302,35,7/2/2008,12
336,641,10/30/2008,13
128,267,5/26/2008,1
360,252,6/1/2008,12
169,2,9/12/2008,5
138,145,11/19/2008,13
70,495,7/2/2008,6
326,456,10/30/2008,7
306,565,5/26/2008,5
282,147,6/1/2008,13
75,727,6/26/2008,14
245,389,6/27/2008,8
15,694,6/28/2008,12
11,303,6/29/2008,2
353,553,6/30/2008,4
88,420,7/1/2008,5
253,149,7/2/2008,7
345,827,10/30/2008,8
213,653,5/26/2008,3
230,268,6/1/2008,8
426,81,9/12/2008,7
118,764,11/19/2008,1
127,509,7/2/2008,3
270,56,10/30/2008,3
419,69,5/26/2008,3
330,59,6/1/2008,12
98,212,5/26/2008,9
23,59,6/1/2008,14
75,577,9/12/2008,7
159,646,11/19/2008,1
71,195,7/2/2008,6
219,713,10/30/2008,1
404,335,5/26/2008,7
153,644,6/1/2008,5
365,876,9/12/2008,5
34,80,11/19/2008,6
269,99,7/2/2008,11
91,1048,10/30/2008,2
128,373,5/26/2008,7
232,680,6/1/2008,13
272,389,6/26/2008,14
306,309,6/27/2008,10
111,498,6/28/2008,1
384,745,6/29/2008,8
167,242,6/30/2008,11
60,152,7/1/2008,3
402,669,7/2/2008,1
193,397,10/30/2008,11
308,567,5/26/2008,9
121,299,6/1/2008,8
81,219,9/12/2008,4
438,940,11/19/2008,2
405,706,7/2/2008,9
443,112,10/30/2008,11
316,183,5/26/2008,6
310,261,6/1/2008,10
376,576,5/26/2008,6
138,445,6/1/2008,10
137,216,9/12/2008,5
306,517,11/19/2008,8
280,376,7/2/2008,1
399,306,10/30/2008,3
231,113,5/26/2008,6
266,121,6/1/2008,12
154,363,9/12/2008,7
225,534,11/19/2008,15
44,152,7/2/2008,10
10,816,10/30/2008,10
250,285,5/26/2008,4
309,494,6/1/2008,9
144,851,6/26/2008,3
2,109,6/27/2008,13
380,459,6/28/2008,12
77,519,6/29/2008,12
103,906,6/30/2008,12
235,939,7/1/2008,7
127,579,7/2/2008,3
106,450,10/30/2008,2
384,595,5/26/2008,3
95,620,6/1/2008,6
30,652,9/12/2008,13
119,865,11/19/2008,10
152,556,7/2/2008,13
398,154,10/30/2008,7
215,1032,5/26/2008,5
119,1024,6/1/2008,8
377,948,5/26/2008,7
339,1034,6/1/2008,2
255,300,9/12/2008,10
13,58,11/19/2008,7
372,150,7/2/2008,15
45,410,10/30/2008,11
139,367,5/26/2008,3
424,242,6/1/2008,4
341,204,9/12/2008,10
238,445,11/19/2008,2
111,79,7/2/2008,12
267,769,10/30/2008,14
229,966,5/26/2008,13
228,192,6/1/2008,14
417,646,6/26/2008,9
426,359,6/27/2008,12
36,114,6/28/2008,4
148,499,6/29/2008,3
316,257,6/30/2008,7
205,750,7/1/2008,10
334,922,7/2/2008,9
223,630,10/30/2008,14
152,353,5/26/2008,9
397,518,6/1/2008,10
292,865,9/12/2008,5
72,1037,11/19/2008,3
157,447,7/2/2008,11
36,4,10/30/2008,11
442,562,5/26/2008,6
403,200,6/1/2008,8
15,541,5/26/2008,11
442,634,6/1/2008,9
108,1019,9/12/2008,9
270,486,11/19/2008,6
256,46,7/2/2008,8
204,447,10/30/2008,1
301,669,5/26/2008,1
141,465,6/1/2008,7
407,9,9/12/2008,5
155,1031,11/19/2008,2
360,56,7/2/2008,12
342,1006,10/30/2008,5
265,593,5/26/2008,4
266,448,6/1/2008,9
256,774,6/26/2008,3
259,293,6/27/2008,8
240,681,6/28/2008,1
137,236,6/29/2008,11
234,958,6/30/2008,1
22,469,7/1/2008,3
245,185,7/2/2008,12
19,746,10/30/2008,12
83,162,5/26/2008,11
23,867,6/1/2008,15
287,350,9/12/2008,8
19,610,11/19/2008,11
238,393,7/2/2008,14
379,298,10/30/2008,6
61,872,5/26/2008,13
141,404,6/1/2008,9
317,285,5/26/2008,6
310,462,6/1/2008,10
200,321,9/12/2008,2
338,881,11/19/2008,12
182,111,7/2/2008,15
402,778,10/30/2008,6
286,1000,5/26/2008,1
198,893,6/1/2008,2
426,126,9/12/2008,12
408,376,11/19/2008,5
197,382,7/2/2008,8
286,740,10/30/2008,7
3,841,5/26/2008,14
298,383,6/1/2008,14
38,1015,6/26/2008,11
435,704,6/27/2008,8
385,983,6/28/2008,11
199,258,6/29/2008,13
39,721,6/30/2008,10
49,114,7/1/2008,15
371,242,7/2/2008,12
436,558,10/30/2008,15
308,875,5/26/2008,4
378,174,6/1/2008,4
117,252,9/12/2008,1
386,114,11/19/2008,4
373,633,7/2/2008,6
93,849,10/30/2008,14
245,8,5/26/2008,7
146,189,6/1/2008,4
304,441,5/26/2008,4
237,158,6/1/2008,9
421,518,9/12/2008,5
165,592,11/19/2008,7
413,515,7/2/2008,5
96,694,10/30/2008,11
160,582,5/26/2008,4
156,848,6/1/2008,2
121,812,9/12/2008,6
388,205,11/19/2008,1
272,837,7/2/2008,10
263,525,10/30/2008,14
163,596,5/26/2008,3
432,841,6/1/2008,9
37,506,6/26/2008,13
34,546,6/27/2008,4
309,591,6/28/2008,3
44,112,6/29/2008,10
65,180,6/30/2008,3
362,205,7/1/2008,2
346,466,7/2/2008,5
61,747,10/30/2008,12
380,72,5/26/2008,3
147,388,6/1/2008,10
173,392,9/12/2008,15
259,697,11/19/2008,1
213,730,7/2/2008,2
42,944,10/30/2008,15
142,570,5/26/2008,6
263,348,6/1/2008,4
192,826,5/26/2008,10
256,713,6/1/2008,5
219,1027,9/12/2008,7
423,472,11/19/2008,3
338,407,7/2/2008,13
120,611,10/30/2008,4
442,802,5/26/2008,12
126,948,6/1/2008,7
270,335,9/12/2008,6
276,94,11/19/2008,4
307,276,7/2/2008,10
383,578,10/30/2008,14
225,308,5/26/2008,14
265,700,6/1/2008,3
363,920,6/26/2008,6
247,324,6/27/2008,1
275,471,6/28/2008,7
353,315,6/29/2008,5
178,303,6/30/2008,14
195,829,7/1/2008,5
268,691,7/2/2008,13
355,363,10/30/2008,12
174,320,5/26/2008,8
39,644,6/1/2008,15
167,124,9/12/2008,13
21,215,11/19/2008,7
5,41,7/2/2008,2
240,565,10/30/2008,4
61,1016,5/26/2008,2
73,670,6/1/2008,5
365,588,5/26/2008,7
395,206,6/1/2008,8
332,742,9/12/2008,5
186,13,11/19/2008,6
11,712,7/2/2008,11
181,914,10/30/2008,11
281,1036,5/26/2008,9
246,980,6/1/2008,12
48,617,9/12/2008,7
146,9,11/19/2008,7
160,191,7/2/2008,5
314,612,10/30/2008,3
25,1007,5/26/2008,13
429,389,6/1/2008,10
365,55,6/26/2008,12
12,884,6/27/2008,1
397,569,6/28/2008,6
231,276,6/29/2008,4
411,386,6/30/2008,10
58,394,7/1/2008,6
26,526,7/2/2008,14
227,162,10/30/2008,1
344,405,5/26/2008,1
442,578,6/1/2008,13
321,739,9/12/2008,6
88,161,11/19/2008,13
102,468,7/2/2008,15
365,470,10/30/2008,9
133,37,5/26/2008,5
288,232,6/1/2008,5
226,51,5/26/2008,8
5,901,6/1/2008,12
130,978,9/12/2008,12
121,502,11/19/2008,15
197,1020,7/2/2008,2
215,485,10/30/2008,7
55,85,5/26/2008,5
24,717,6/1/2008,2
325,388,9/12/2008,6
278,925,11/19/2008,6
65,722,7/2/2008,5
8,675,10/30/2008,2
91,678,5/26/2008,13
121,667,6/1/2008,14
92,376,6/26/2008,14
41,99,6/27/2008,4
189,462,6/28/2008,2
422,409,6/29/2008,7
67,267,6/30/2008,14
240,653,7/1/2008,10
305,398,7/2/2008,11
421,209,10/30/2008,5
105,313,5/26/2008,9
298,332,6/1/2008,14
54,345,9/12/2008,13
103,2,11/19/2008,1
44,503,7/2/2008,12
387,497,10/30/2008,10
277,533,5/26/2008,4
17,866,6/1/2008,4
222,1010,5/26/2008,5
102,465,6/1/2008,14
128,548,9/12/2008,11
124,181,11/19/2008,7
240,635,7/2/2008,7
380,849,10/30/2008,10
24,988,5/26/2008,11
249,610,6/1/2008,14
55,114,9/12/2008,6
157,119,11/19/2008,11
443,709,7/2/2008,5
185,644,10/30/2008,6
123,739,5/26/2008,14
408,875,6/1/2008,7
99,514,6/26/2008,8
205,641,6/27/2008,2
306,656,6/28/2008,12
203,409,6/29/2008,8
75,252,6/30/2008,4
251,881,7/1/2008,2
123,40,7/2/2008,6
213,675,10/30/2008,5
314,146,5/26/2008,3
7,644,6/1/2008,14
130,57,9/12/2008,4
296,106,11/19/2008,13
53,263,7/2/2008,10
155,485,10/30/2008,14
242,453,5/26/2008,14
397,478,6/1/2008,12
79,773,5/26/2008,4
258,358,6/1/2008,9
91,280,9/12/2008,3
208,450,11/19/2008,3
191,162,7/2/2008,3
258,886,10/30/2008,2
429,73,5/26/2008,12
6,374,6/1/2008,12
287,1044,9/12/2008,2
286,557,11/19/2008,6
156,348,7/2/2008,3
432,647,10/30/2008,6
291,199,5/26/2008,2
176,609,6/1/2008,8
102,780,6/26/2008,8
395,526,6/27/2008,10
34,707,6/28/2008,10
379,725,6/29/2008,8
178,434,6/30/2008,5
408,834,7/1/2008,12
419,260,7/2/2008,11
418,321,10/30/2008,1
320,183,5/26/2008,1
364,484,6/1/2008,10
441,276,9/12/2008,9
425,903,11/19/2008,5
215,126,7/2/2008,8
407,412,10/30/2008,5
307,1043,5/26/2008,6
173,34,6/1/2008,10
437,84,5/26/2008,5
325,199,6/1/2008,2
27,794,9/12/2008,6
251,618,11/19/2008,12
268,801,7/2/2008,7
418,577,10/30/2008,7
342,580,5/26/2008,8
441,542,6/1/2008,15
268,916,9/12/2008,10
219,801,11/19/2008,13
412,237,7/2/2008,7
161,730,10/30/2008,9
408,463,5/26/2008,11
309,786,6/1/2008,11
334,458,6/26/2008,7
252,440,6/27/2008,15
390,278,6/28/2008,11
370,431,6/29/2008,11
114,900,6/30/2008,10
8,174,7/1/2008,15
148,300,7/2/2008,4
252,902,10/30/2008,14
125,319,5/26/2008,1
335,316,6/1/2008,1
143,136,9/12/2008,2
365,239,11/19/2008,4
176,900,7/2/2008,14
258,574,10/30/2008,7
326,427,5/26/2008,12
167,410,6/1/2008,6
348,1013,5/26/2008,7
237,491,6/1/2008,4
406,535,9/12/2008,5
5,167,11/19/2008,15
343,769,7/2/2008,10
327,241,10/30/2008,3
209,680,5/26/2008,1
238,343,6/1/2008,2
121,400,9/12/2008,10
133,1014,11/19/2008,15
332,199,7/2/2008,12
403,303,10/30/2008,11
435,220,5/26/2008,15
181,824,6/1/2008,15
443,316,6/26/2008,1
90,389,6/27/2008,3
310,19,6/28/2008,15
311,5,6/29/2008,1
303,483,6/30/2008,13
128,830,7/1/2008,13
127,845,7/2/2008,5
221,613,10/30/2008,15
432,324,5/26/2008,2
241,518,6/1/2008,2
107,230,9/12/2008,9
149,632,11/19/2008,7
130,759,7/2/2008,10
366,1028,10/30/2008,12
58,1007,5/26/2008,8
209,411,6/1/2008,11
365,619,5/26/2008,9
391,857,6/1/2008,8
268,174,9/12/2008,4
373,740,11/19/2008,13
44,435,7/2/2008,12
305,13,10/30/2008,11
195,1023,5/26/2008,6
257,515,6/1/2008,9
152,1051,6/26/2008,12
306,797,6/27/2008,6
9,812,6/28/2008,7
53,960,6/29/2008,5
246,378,6/30/2008,1
32,566,7/1/2008,6
194,614,7/2/2008,4
70,942,10/30/2008,9
34,414,5/26/2008,2
128,53,6/1/2008,12
223,205,9/12/2008,4
188,657,11/19/2008,7
422,558,7/2/2008,4
367,485,10/30/2008,14
301,278,5/26/2008,1
257,485,6/1/2008,8
221,265,5/26/2008,13
81,826,6/1/2008,12
139,164,9/12/2008,9
189,49,11/19/2008,4
348,471,7/2/2008,4
125,164,10/30/2008,4
239,845,5/26/2008,12
267,992,6/1/2008,11
220,901,9/12/2008,3
161,188,11/19/2008,11
244,381,7/2/2008,12
5,494,10/30/2008,13
30,306,5/26/2008,10
120,575,6/1/2008,2
306,847,6/26/2008,1
38,625,6/27/2008,10
167,53,6/28/2008,2
154,506,6/29/2008,14
30,996,6/30/2008,11
392,623,7/1/2008,14
21,698,7/2/2008,14
307,556,10/30/2008,1
106,259,5/26/2008,10
147,415,6/1/2008,1
280,585,9/12/2008,5
151,736,11/19/2008,1
299,207,7/2/2008,1
284,893,10/30/2008,14
268,911,5/26/2008,15
306,126,6/1/2008,3
379,1010,5/26/2008,13
320,83,6/1/2008,5
62,143,9/12/2008,8
68,581,11/19/2008,4
300,29,7/2/2008,7
74,641,10/30/2008,11
80,203,5/26/2008,15
89,389,6/1/2008,6
209,558,9/12/2008,9
117,589,11/19/2008,9
130,845,7/2/2008,7
402,940,10/30/2008,9
442,935,5/26/2008,12
13,386,6/1/2008,4
422,916,6/26/2008,9
216,1026,6/27/2008,7
136,1048,6/28/2008,15
305,466,6/29/2008,9
267,873,6/30/2008,5
424,207,7/1/2008,15
411,696,7/2/2008,5
233,91,10/30/2008,2
316,742,5/26/2008,8
44,241,6/1/2008,7
103,78,9/12/2008,12
127,545,11/19/2008,9
125,981,7/2/2008,4
35,851,10/30/2008,15
124,422,5/26/2008,11
359,940,6/1/2008,14
353,691,5/26/2008,12
261,855,6/1/2008,7
70,492,9/12/2008,14
346,293,11/19/2008,3
116,75,7/2/2008,13
52,1037,10/30/2008,12
39,605,5/26/2008,7
175,339,6/1/2008,2
279,1033,9/12/2008,3
29,303,11/19/2008,7
349,294,7/2/2008,6
70,32,10/30/2008,14
324,1006,5/26/2008,5
121,858,6/1/2008,12
229,164,6/26/2008,11
162,559,6/27/2008,6
3,576,6/28/2008,12
90,388,6/29/2008,13
408,91,6/30/2008,10
242,369,7/1/2008,4
167,727,7/2/2008,1
94,163,10/30/2008,14
384,713,5/26/2008,13
343,285,6/1/2008,12
68,637,9/12/2008,4
134,854,11/19/2008,13
355,684,7/2/2008,11
288,706,10/30/2008,13
159,210,5/26/2008,8
36,176,6/1/2008,11
296,651,5/26/2008,2
50,252,6/1/2008,4
289,221,9/12/2008,8
124,523,11/19/2008,8
31,14,7/2/2008,13
100,920,10/30/2008,14
297,790,5/26/2008,2
63,844,6/1/2008,12
359,573,9/12/2008,9
285,393,11/19/2008,5
373,328,7/2/2008,14
185,489,10/30/2008,4
442,829,5/26/2008,5
208,57,6/1/2008,3
123,58,6/26/2008,8
100,520,6/27/2008,12
22,219,6/28/2008,7
40,625,6/29/2008,5
203,581,6/30/2008,8
191,936,7/1/2008,9
217,483,7/2/2008,11
189,557,10/30/2008,14
278,557,5/26/2008,9
269,669,6/1/2008,14
128,978,9/12/2008,8
316,291,11/19/2008,11
293,139,7/2/2008,12
390,16,10/30/2008,10
82,343,5/26/2008,1
22,541,6/1/2008,2
360,811,5/26/2008,1
181,171,6/1/2008,12
142,856,9/12/2008,9
9,560,11/19/2008,14
241,257,7/2/2008,3
283,41,10/30/2008,12
434,427,5/26/2008,10
253,687,6/1/2008,4
413,207,9/12/2008,11
339,396,11/19/2008,14
78,163,7/2/2008,15
126,863,10/30/2008,1
124,185,5/26/2008,9
175,172,6/1/2008,14
125,106,6/26/2008,7
235,597,6/27/2008,4
36,184,6/28/2008,13
256,195,6/29/2008,13
227,30,6/30/2008,9
415,1026,7/1/2008,9
135,752,7/2/2008,6
274,558,10/30/2008,8
264,784,5/26/2008,10
337,59,6/1/2008,8
168,656,9/12/2008,2
107,477,11/19/2008,5
132,668,7/2/2008,6
318,952,10/30/2008,9
383,595,5/26/2008,13
357,237,6/1/2008,7
291,879,5/26/2008,7
246,665,6/1/2008,8
82,345,9/12/2008,8
154,274,11/19/2008,3
367,388,7/2/2008,9
341,564,10/30/2008,11
247,522,5/26/2008,2
152,525,6/1/2008,7
113,77,9/12/2008,11
86,1015,11/19/2008,5
151,389,7/2/2008,9
37,593,10/30/2008,15
60,974,5/26/2008,14
174,169,6/1/2008,11
307,347,6/26/2008,3
296,509,6/27/2008,6
370,381,6/28/2008,11
403,756,6/29/2008,4
385,534,6/30/2008,13
357,49,7/1/2008,5
438,344,7/2/2008,15
46,886,10/30/2008,15
298,115,5/26/2008,8
315,19,6/1/2008,11
381,357,9/12/2008,8
212,185,11/19/2008,7
363,601,7/2/2008,14
157,561,10/30/2008,6
98,87,5/26/2008,5
419,479,6/1/2008,9
194,788,5/26/2008,5
338,930,6/1/2008,15
277,740,9/12/2008,14
234,742,11/19/2008,14
135,104,7/2/2008,5
21,519,10/30/2008,6
95,153,5/26/2008,11
420,498,6/1/2008,2
86,422,9/12/2008,9
22,805,11/19/2008,4
284,99,7/2/2008,14
304,68,10/30/2008,7
416,740,5/26/2008,12
280,652,6/1/2008,6
427,387,6/26/2008,7
140,257,6/27/2008,9
125,988,6/28/2008,10
313,73,6/29/2008,6
368,284,6/30/2008,2
83,678,7/1/2008,1
61,595,7/2/2008,8
35,849,10/30/2008,7
186,1046,5/26/2008,6
406,954,6/1/2008,3
296,491,9/12/2008,5
201,853,11/19/2008,13
331,272,7/2/2008,13
116,229,10/30/2008,6
330,143,5/26/2008,2
264,83,6/1/2008,2
301,929,5/26/2008,5
127,1025,6/1/2008,11
345,1014,9/12/2008,15
332,529,11/19/2008,5
274,672,7/2/2008,5
37,671,10/30/2008,12
279,207,5/26/2008,6
272,119,6/1/2008,12
177,359,9/12/2008,12
286,633,11/19/2008,14
258,22,7/2/2008,10
232,543,10/30/2008,11
132,1040,5/26/2008,5
237,271,6/1/2008,3
35,294,6/26/2008,7
334,603,6/27/2008,5
388,24,6/28/2008,11
248,368,6/29/2008,2
371,1051,6/30/2008,4
151,667,7/1/2008,12
43,716,7/2/2008,9
366,45,10/30/2008,7
38,299,5/26/2008,5
12,224,6/1/2008,10
185,50,9/12/2008,14
389,746,11/19/2008,5
280,378,7/2/2008,2
190,85,10/30/2008,9
256,1010,5/26/2008,2
341,795,6/1/2008,13
106,342,5/26/2008,2
248,376,6/1/2008,14
361,1047,9/12/2008,15
353,786,11/19/2008,11
3,266,7/2/2008,2
381,159,10/30/2008,2
99,663,5/26/2008,6
134,845,6/1/2008,3
32,452,9/12/2008,14
66,241,11/19/2008,2
139,187,7/2/2008,11
405,490,10/30/2008,4
245,65,5/26/2008,14
316,173,6/1/2008,5
290,35,6/26/2008,2
411,517,6/27/2008,3
10,106,6/28/2008,14
129,656,6/29/2008,10
175,441,6/30/2008,3
238,682,7/1/2008,8
338,984,7/2/2008,3
87,545,10/30/2008,11
314,1041,5/26/2008,8
415,509,6/1/2008,12
226,252,9/12/2008,9
224,541,11/19/2008,4
399,365,7/2/2008,12
143,746,10/30/2008,7
169,563,5/26/2008,4
247,318,6/1/2008,4
319,704,5/26/2008,6
359,649,6/1/2008,14
265,775,9/12/2008,7
209,777,11/19/2008,3
33,938,7/2/2008,2
406,360,10/30/2008,8
143,103,5/26/2008,12
362,898,6/1/2008,12
167,15,9/12/2008,2
29,257,11/19/2008,9
40,286,7/2/2008,13
247,864,10/30/2008,11
92,862,5/26/2008,14
24,470,6/1/2008,1
381,947,6/26/2008,9
73,54,6/27/2008,10
436,983,6/28/2008,8
438,367,6/29/2008,10
321,739,6/30/2008,13
113,629,7/1/2008,14
422,398,7/2/2008,11
12,714,10/30/2008,4
418,841,5/26/2008,6
259,415,6/1/2008,13
104,613,9/12/2008,12
378,60,11/19/2008,10
325,919,7/2/2008,11
103,12,10/30/2008,4
102,377,5/26/2008,3
385,167,6/1/2008,11
425,630,5/26/2008,11
399,99,6/1/2008,8
363,657,9/12/2008,13
201,489,11/19/2008,13
9,818,7/2/2008,12
210,432,10/30/2008,13
237,948,5/26/2008,12
397,342,6/1/2008,15
7,1037,9/12/2008,15
31,900,11/19/2008,4
228,30,7/2/2008,5
266,53,10/30/2008,4
343,622,5/26/2008,13
297,881,6/1/2008,4
156,858,6/26/2008,15
274,728,6/27/2008,5
1,237,6/28/2008,14
267,794,6/29/2008,5
30,215,6/30/2008,9
57,481,7/1/2008,8
112,553,7/2/2008,13
164,699,10/30/2008,3
203,937,5/26/2008,13
79,82,6/1/2008,1
307,774,9/12/2008,3
97,1051,11/19/2008,6
349,338,7/2/2008,5
38,109,10/30/2008,15
230,187,5/26/2008,1
297,509,6/1/2008,11
391,78,5/26/2008,11
367,65,6/1/2008,9
101,983,9/12/2008,5
44,946,11/19/2008,12
202,235,7/2/2008,6
9,256,10/30/2008,9
88,836,5/26/2008,4
373,998,6/1/2008,2
322,546,9/12/2008,10
433,208,11/19/2008,14
292,330,7/2/2008,2
22,764,10/30/2008,11
17,475,5/26/2008,4
81,986,6/1/2008,3
22,329,6/26/2008,6
41,404,6/27/2008,12
200,357,6/28/2008,13
297,420,6/29/2008,9
186,575,6/30/2008,9
87,935,7/1/2008,5
79,83,7/2/2008,13
247,189,10/30/2008,14
36,993,5/26/2008,9
160,10,6/1/2008,14
50,730,9/12/2008,7
100,648,11/19/2008,14
141,296,7/2/2008,12
219,472,10/30/2008,10
426,362,5/26/2008,8
403,62,6/1/2008,5
80,597,5/26/2008,5
407,522,6/1/2008,10
200,653,9/12/2008,3
261,251,11/19/2008,15
319,939,7/2/2008,3
160,689,10/30/2008,4
89,908,5/26/2008,14
338,1007,6/1/2008,9
397,364,9/12/2008,11
76,1050,11/19/2008,9
277,619,7/2/2008,11
434,621,10/30/2008,2
236,484,5/26/2008,6
320,932,6/1/2008,10
43,278,6/26/2008,10
178,732,6/27/2008,7
360,932,6/28/2008,15
438,663,6/29/2008,8
141,150,6/30/2008,2
22,27,7/1/2008,15
323,574,7/2/2008,6
232,286,10/30/2008,4
28,433,5/26/2008,14
397,862,6/1/2008,4
288,853,9/12/2008,4
123,696,11/19/2008,5
124,147,7/2/2008,10
48,652,10/30/2008,15
401,635,5/26/2008,2
262,770,6/1/2008,10
337,65,5/26/2008,2
133,161,6/1/2008,10
124,991,9/12/2008,1
193,509,11/19/2008,12
411,1038,7/2/2008,7
158,748,10/30/2008,2
85,554,5/26/2008,3
26,475,6/1/2008,6
210,142,9/12/2008,9
335,492,11/19/2008,9
283,1010,7/2/2008,2
312,52,10/30/2008,10
251,841,5/26/2008,6
81,584,6/1/2008,6
373,179,6/26/2008,6
307,879,6/27/2008,12
184,1004,6/28/2008,2
25,809,6/29/2008,3
430,618,6/30/2008,7
361,843,7/1/2008,4
127,304,7/2/2008,3
129,696,10/30/2008,1
97,599,5/26/2008,15
56,964,6/1/2008,13
273,160,9/12/2008,6
29,352,11/19/2008,9
230,266,7/2/2008,15
2,60,10/30/2008,15
158,316,5/26/2008,1
167,1,6/1/2008,4
100,847,5/26/2008,2
274,447,6/1/2008,13
369,350,9/12/2008,5
84,881,11/19/2008,7
211,190,7/2/2008,10
75,323,10/30/2008,1
169,263,5/26/2008,13
155,776,6/1/2008,5
123,687,6/30/2008,9
305,280,7/1/2008,9
